"author","comment","publishedAt","score"
"Hisbula Huda","cek bsu secara berkala selalu email tidak valid padahal cuma satu email","2025-12-11 13:22:14","5"
"pauji rahman","selalu berikan informasi yang detail dan konsisten","2025-12-11 13:17:36","5"
"Akhda Azizah","sangat berguna sekali","2025-12-11 13:12:19","5"
"Eva Erina","baik","2025-12-11 13:10:44","5"
"M.AMMAR S.I","saya senang adanya jmo,tetapi perihal laporan upah yang di terima dan upah yang di laporkan tidak sesuai sampai sekarang belum ada tindak lanjut,dan yang bikin saya kecewa lagi laporan di aplikasi tidak bisa di rubah atau di ganti atau di kirim ulang.sangat kecewa kalau bisa kirim pengaduan cuma 1 kali di aplikasi,itupun tidak bisa di rubah.laporan pengaduan tahun lalu,tapi sampai sekarang pengaduan masih tertera tahun lalu,tidak bisa kirim pengaduan lagi.","2025-12-11 13:05:23","3"
"nounna nisa","ok sekali membantu","2025-12-11 12:48:14","5"
"Gilang Rayyi","oke","2025-12-11 12:46:56","5"
"Arif Hidayat","bagus","2025-12-11 12:45:29","5"
"R P","ok","2025-12-11 12:44:47","5"
"Herdi Aprizal","baik","2025-12-11 12:35:52","5"
"Budiono Ono","mudah digunakan","2025-12-11 12:34:05","5"
"asan winoto","tingkatkan kualitasnya","2025-12-11 12:28:49","4"
"Aceng Sandi","siip","2025-12-11 12:27:09","5"
"Diah amoy","mantap","2025-12-11 12:10:05","5"
"Iswan Kaputra (Channel Desa)","Bagus...","2025-12-11 12:04:41","5"
"Andi yanto Zai","sangat puas","2025-12-11 12:01:50","5"
"Vita","mantapp","2025-12-11 11:52:16","3"
"Muhamad Abdurrohman","alhamdulillah mantap","2025-12-11 11:47:45","5"
"Ayu Rahayu","aplikasi nya kenapa gak bisa dibuka ya ..??","2025-12-11 11:34:57","5"
"Aries Setya","Aplikasinya tidak bisa di gunakan, soalnya mau login keluar aplikasi terus mohon bantuannya","2025-12-11 11:32:29","5"
"Rita Kurniati","aplikasi tidak bisa dibuka","2025-12-11 11:27:15","1"
"Hendrix BA","amanah","2025-12-11 11:22:16","5"
"Muhamad Solahudin","manteppp Poko nya","2025-12-11 11:14:14","5"
"Habib Gank","cairkan bsu","2025-12-11 11:00:58","5"
"Yasinta Sifa Aulia","kebanyakan update aplikasi, tp oke lah","2025-12-11 11:00:53","5"
"Hiro Game Station","mantap cepat proses klaimnya","2025-12-11 10:59:44","5"
"ASMONI MONI","sangat bagus dan mudah dipahami","2025-12-11 10:57:36","5"
"Dior Tris","ok","2025-12-11 10:49:52","3"
"Syahrul Nizam","mantap . lebih mudah untk pengobatan","2025-12-11 10:39:26","5"
"ALL","sangat bagus","2025-12-11 10:34:18","5"
"Bima wisnu Bima wisnu","aplikasi jmo pelayannya bagus","2025-12-11 10:31:11","5"
"Hanif Syaifullah","Alhamdulillah....terima kasih BPJS ketenagakerjaan semoga semakin maju melayani masyarakat","2025-12-11 10:30:03","5"
"Dhevy Dhevan","sangat bagus , pencairan hany a 2 menit","2025-12-11 10:22:16","5"
"Indra 46","okay","2025-12-11 10:21:28","5"
"Yarman Nias","JMO sangat bermanfa'at","2025-12-11 10:12:10","5"
"Aiyanaa Zulaikha","Lebih cepat. Terimakasih banyak kak.","2025-12-11 10:10:13","5"
"Aryo Seto","Oke bagus","2025-12-11 10:02:43","5"
"Abdul Rossid","mantap","2025-12-11 09:56:07","5"
"Nurevianti Evhi","mantap","2025-12-11 09:54:17","5"
"Muhammad Risaldi","baik","2025-12-11 09:33:34","5"
"doel ngArIEf","more better ya","2025-12-11 09:04:53","1"
"Hamza Siregar","aplikasinya mantap","2025-12-11 09:01:07","5"
"Isema muni","mantap","2025-12-11 08:59:48","5"
"Tomas Muflihun","cukup mudah n membantu","2025-12-11 08:56:07","3"
"ajis bella","pelayanannya sangat cepat dan humanis","2025-12-11 08:48:14","5"
"Su Mitro","ok","2025-12-11 08:45:57","5"
"ismailiqbale","lemot, berat, lambat","2025-12-11 08:39:33","1"
"Tasrif Pl","sangat mudah di gunakan","2025-12-11 08:37:14","4"
"Linda","mantap","2025-12-11 08:30:46","3"
"Mas Faqih","MATURSUWUN","2025-12-11 08:30:00","5"
"Nuraini Aini","mantap","2025-12-11 08:17:49","5"
"Ema Novita","sangat membantu","2025-12-11 08:15:08","4"
"Nur Salam","bagus ğŸ‘ğŸ™","2025-12-11 08:09:33","5"
"EKO WIDODO","oke","2025-12-11 08:06:03","5"
"Dhani Ram","luar biasa pelayanan aplikasi lancar dan jelas","2025-12-11 08:02:15","5"
"Ahmad Amiruddin","bagus","2025-12-11 07:54:43","5"
"Wiliam Wiliam","terimakasih","2025-12-11 07:52:57","5"
"ami nk","sangat membantu tapi tolong jangan terlalu ribet terimakasih","2025-12-11 07:51:23","5"
"Irwan St","layanan jmo di lapakasik sangat mengecewakan verifikasi no hp durasi waktu 3menit sms pemberitahuan darang 1jam kemudian. ini sudah tahun 2025 masih saja brengsek","2025-12-11 07:47:57","1"
"Pak Yohanes","terlalu sering di up grade","2025-12-11 07:43:28","2"
"Midah Daim","good","2025-12-11 07:42:07","5"
"Opas Farm","cepat dan bagus pelayanannya","2025-12-11 07:37:56","5"
"Muhamad Ali","sangat memudahkan bagi kami","2025-12-11 07:29:18","5"
"Echa Resta","okehhh","2025-12-11 07:28:38","5"
"Dikiariyadi Dikiariyadi","aplikasi jmo Sagat bermangpat terimakasih","2025-12-11 07:11:24","5"
"dians blothonk","lumayan","2025-12-11 07:05:14","5"
"CESC CHANNEL","gak bisa di buka semenjak update. dari Agustus sampai Desember. kenapa.?","2025-12-11 07:02:42","1"
"M. AL AMIN","sangat bagus pelayanan","2025-12-11 07:02:41","4"
"Imron Lina","mantaap","2025-12-11 07:02:41","5"
"Junior Juniviandi","sangat membantu dalam hal jaminan sosial ketenagakerjaan untuk warga indonesia dengan ada nya aplikasi ini terima kasih JMO","2025-12-11 06:51:24","5"
"Lahuddin Siregar","baru saja memakai apk jmo","2025-12-11 06:46:08","5"
"Naufal Naif","sip satseet","2025-12-11 06:40:20","5"
"Edi Saputra","sangat bermanfaat","2025-12-11 06:28:14","5"
"fitriazea Lov","baik","2025-12-11 06:15:49","5"
"Muhamad Dikjaya","cepat","2025-12-11 06:00:07","5"
"Taufik 4605","Baik","2025-12-11 05:52:52","5"
"Anding Back","apk yg sangat membantu","2025-12-11 05:52:18","5"
"Tamrin Efendi","Terimakasih JMP, dgn aplikasi ini semua urusan jadi mudah, keren","2025-12-11 05:51:38","5"
"Didi Syaputra","close force. bagaimana mau claim????","2025-12-11 05:49:34","1"
"R-News Rembang","Terima kasih","2025-12-11 05:46:30","5"
"Rizki Iberahim","Oki,Mudah digunakan","2025-12-11 05:44:05","5"
"H Lomri","bagus","2025-12-11 05:41:10","5"
"Sumiyem Danang","joz","2025-12-11 05:31:02","5"
"wendi cah PML","saya coba proses claim JHT,lancar","2025-12-11 05:29:54","5"
"Yeni Saherniwati","bisa mendapatkan informasi lebih cepet","2025-12-11 05:23:58","5"
"muhamad irfan","trimksih jmo sllu di percaya dan amanah","2025-12-11 05:11:50","5"
"Yitno Arfan","terus jadi yg terbaik","2025-12-11 05:11:46","5"
"Endang Juniati","sangat puas","2025-12-11 05:11:35","5"
"Sayuti Say","sangat baik","2025-12-11 04:57:34","5"
"Yoga Mirza","baguss","2025-12-11 04:55:53","5"
"Suhendang Endang","sangatt membantu dan memudahkan untuk sllu update saldo terkini","2025-12-11 04:41:37","4"
"Hilmancoy","JMO sangat luar biasa","2025-12-11 04:35:41","5"
"Andrie Santai","mantap","2025-12-11 04:31:39","5"
"Jimmi Maulana","lumyan","2025-12-11 04:20:38","5"
"Adi Rifaldi","aplikasi force close... tidak bisa di buka","2025-12-11 04:18:43","1"
"Manda Ahfan","sangat baik","2025-12-11 04:13:36","5"
"Agus Henakin","mantab","2025-12-11 04:09:13","4"
"Uchrowidono","untuk lebih efektif dan efisien, mohon ditambahkan menu penggabungan rekening jamsostek","2025-12-11 04:07:43","2"
"Dimas Priyo","Setiap buka update, setiap buka update. Tiap bulan update. Gokil. review aja pake buzzer. haduh","2025-12-11 04:06:35","1"
"Dimas Prasetyo","Aplikasi Tolol, update malah gabisa cek saldo","2025-12-11 04:03:19","1"
"Janturan Supomo","pelayanan yg baik","2025-12-11 04:02:50","5"
"Dwi Holic","Semoga tetap lancar","2025-12-11 03:56:46","5"
"viko linanda","bagus sekali","2025-12-11 03:56:39","5"
"Eko Purwanto","pelayanan ramah","2025-12-11 03:41:51","5"
"Raka Net","aplikasi tidak bisa dibuka","2025-12-11 03:41:37","1"
"Afriyan Putra","bagus","2025-12-11 03:40:19","5"
"Tri titin JuniAsih","bagus","2025-12-11 03:39:38","5"
"Hasan bageur","mantap","2025-12-11 03:33:47","4"
"Arif Kuncoro","sangat baik dan memuaskan","2025-12-11 03:33:09","5"
"Anik Purwanti","puas","2025-12-11 03:32:04","4"
"Bayu Lumajang","baik","2025-12-11 03:29:59","5"
"Rd Sar2179","good","2025-12-11 03:22:03","5"
"Ilham Al hafiz","bagus","2025-12-11 03:19:07","5"
"nitha ardhiyah","pengurusan BPJS ketenagakerjaan sangat mudah , pelayanan baik dan tempat bersih dan wangi","2025-12-11 03:17:29","5"
"Abdul Asmuis12","sangat membantu. dan mudah untuk di pahami","2025-12-11 03:17:15","5"
"Khotimah Wiyono","aplikasi sangat membantu memberikan informasi terkait setoran dan melihat saldo jaminan hari tua","2025-12-11 03:17:01","5"
"Bobiboy Gemstone","aplikasi sudah beberapa bulan tidak bisa dibuka, bahkan sudah di uninstall dan install ulang juga tetap tidak bisa dibuka","2025-12-11 03:15:10","3"
"Alikapak Alika","jmo ok. bisa membantu cek saldo dan petunjuk mengenai aturan aturan bpjs ketenagakerjaan.","2025-12-11 03:11:53","5"
"Ahmad Ajuardi","sangat memuaskan","2025-12-11 03:08:18","5"
"rani listiani","lebih mudah proses klaim saat ini","2025-12-11 03:04:41","5"
"Rifky Qadafi","RUWET !!!!","2025-12-11 02:53:32","1"
"bahar hanafi","mantap aplikasi jmo","2025-12-11 02:52:19","5"
"Unit Stadion Tenis","good","2025-12-11 02:50:55","5"
"Siti Nasfatur Rokhmah","oke","2025-12-11 02:49:23","5"
"Jayanudin Udin","bagus","2025-12-11 02:44:14","5"
"tri ww","pengurusan JHT nya mudah","2025-12-11 02:43:10","5"
"denz gentra official","sangat bagus","2025-12-11 02:36:57","5"
"Manong","sangat baik","2025-12-11 02:32:57","5"
"Mintarsih Mintarsih","Alhamdulilah.. Aplikasinya mantap.. MakasihğŸ™ğŸ˜","2025-12-11 02:32:05","5"
"Hamsi Bae","sangat membantu dan memudahkan.","2025-12-11 02:31:03","5"
"Sohib Balina","bagus sangat membantu","2025-12-11 02:21:44","5"
"Andi S","baik baget","2025-12-11 02:15:25","5"
"sulis maryanto","Alhamdulillah ğŸ¤² Aplikasi ini sangatlah bermanfaat.. Trimakasih ğŸ™ğŸ˜Š","2025-12-11 02:06:31","5"
"Amsyah Project","baik","2025-12-11 02:03:58","4"
"Supri Yantono","keren la","2025-12-11 02:01:44","5"
"Ahmad Ambo Dalle","MANTAP","2025-12-11 02:01:28","5"
"Muflihun Muflihun","gimana ini ko gk bisa buka apk. nya","2025-12-11 01:59:17","4"
"fadly fnl","SANGAT MEMBANTU, RESPON CEPAT POKONYA BAGUS BANGET","2025-12-11 01:57:38","1"
"Cak Bro","responsif","2025-12-11 01:56:25","5"
"Dwi Priantoro","mantap","2025-12-11 01:55:11","5"
"YOGI WAHYUDI","bagus sekali sangat mudah","2025-12-11 01:51:39","5"
"Asnawi Asnawi","makasih pak ğŸ™","2025-12-11 01:51:14","5"
"Septian Dwi Kurnia","bagus menyenangkan","2025-12-11 01:49:50","5"
"azmi taher","mantap","2025-12-11 01:44:25","5"
"Nuri Hasanah","dgn adanya aplikasi ini sangat mempermudah kami","2025-12-11 01:42:16","5"
"Yoyok Suharyo","dlm 3thn yg lalu sy pernah mengambil JHT gmpang banget tdk ribet malah dibantu oleh petugasnya dan dlm 3hr udah cair, trima kasih BPJS","2025-12-11 01:39:49","5"
"Sofyan Budi","bagus cepat buka aplikasinya","2025-12-11 01:35:42","5"
"iyan","ga bisa dibuka aplikasinya","2025-12-11 01:34:40","1"
"Lukman Manluq","Du update malah ga bisa masuk.....parah bgt euy","2025-12-11 01:29:30","3"
"Antonius Tasman","terbaik","2025-12-11 01:28:20","5"
"Cantik Mimin","bagus","2025-12-11 01:21:21","5"
"Ryan","ğŸ¤©","2025-12-11 01:20:48","5"
"IIA Deky Dapa Novakh Syarif Hidayat","mantap","2025-12-11 01:16:22","5"
"Nur Kasan","ok makasih","2025-12-11 01:14:29","5"
"Arka Sujud","pelayanan sangat bagus","2025-12-11 01:12:59","5"
"Panji Wijiatma","saya sudah daftar BPJS ketenagakerjaan tapi saya lupa Gmail.nomor hp saya sudah tidak aktif lagi.dan pasword","2025-12-11 01:06:12","1"
"Hasriadi Majene","aku masuk aplikasi jmo tidak bisa","2025-12-11 01:05:49","1"
"Sofi Yulloh","baik sekali dan layanan maksimal","2025-12-11 01:05:45","5"
"Ana Krismiyati","sangat membantu kami sebagai pekerja penerima upah dalam hal saldo JHT","2025-12-11 01:02:18","5"
"Irfan Setiawan","sangat membantu dan memudahkan pelayanan BPJS","2025-12-11 01:01:00","5"
"Sultan Muhamad","mantap","2025-12-11 00:53:01","5"
"Samuel Panusunan Panjaitan","bagus","2025-12-11 00:51:23","5"
"Ali Baba","claim bpjs datang langsung ke kantor cabang proses nya malah lebih lama sudah 6hari belum ada kepastian , di banding via onlen malah lebih cepet padahal datang langsung kan butuh biaya ongkos segala macem malah yg onlen di prioritaskan(kantor cabang bpjs ketenagakerjaan mancur bogor kota)","2025-12-11 00:47:28","1"
"Ainul Basira","sangat memuaskan","2025-12-11 00:46:57","5"
"Abdul Rahim","baik","2025-12-11 00:46:09","5"
"Rizki Ibrahim","oki,mudah digunakan untuk penggecekkan DLL","2025-12-11 00:42:53","5"
"Makmur Smith","baik","2025-12-11 00:37:30","5"
"fairuzt gibran zulfadli rabani","Agak lelet loginya","2025-12-11 00:37:11","5"
"Tika Hartika","ok","2025-12-11 00:34:49","5"
"Evhy Rios","sangat Bagus","2025-12-11 00:34:49","5"
"Petrus Sugeng Santosa","ok","2025-12-11 00:33:48","5"
"Iryando Awak","terbaikk","2025-12-11 00:31:26","5"
"Tono 1991","menarik","2025-12-11 00:28:40","5"
"Astrid Ka'asyifa","mantep","2025-12-11 00:19:54","5"
"Soedi Janto","Membantu melihat saldo","2025-12-11 00:19:40","5"
"Desti Mulyani","aplikasi tidak bisa di buka.. selalu mental. balik lg ke home. sudah clear chace, instal ulang, android 13 ..tp tetap ga bisa.. di tnya ke cs ga solutif. jawaban sllu sama.. ! menyebalkan.","2025-12-11 00:09:33","4"
"Rayendrayuatika 18","aplikasi tidak bisa di gunakan,sudah berkali kali instal ulang,tidak bisa di buka.","2025-12-10 23:44:19","1"
"Kamaruddin Sija","bagus","2025-12-10 23:41:09","3"
"Candra sidole","sangat baik untuk masa depan","2025-12-10 23:21:45","5"
"luki sudirman","sangat mudah d akses&sangat membantu","2025-12-10 22:59:50","5"
"maman semung","oke","2025-12-10 22:56:12","5"
"deny guntur","bagus","2025-12-10 22:42:20","5"
"Eko Wahyudi","cukup membantu","2025-12-10 22:30:45","5"
"Elias Lumandung","okelah","2025-12-10 21:31:07","5"
"Walide Pamungkas","Kenapa setelah update tidak bisa login lagi? Bintang nya q rubah klo udh diperbaiki bug nya ğŸ™ğŸ™","2025-12-10 18:35:39","1"
"Raffi","good lack","2025-12-10 18:19:31","5"
"Jojon Carta","Ok","2025-12-10 17:55:17","5"
"Heru Sandiprationo","sudah ada hampir 1 tahun aplikasi Jmo di hp saya tidak dapat dibuka?","2025-12-10 17:47:08","1"
"Imanuel Torry","ok","2025-12-10 17:39:07","5"
"riezky pratama","gila update aja","2025-12-10 17:26:49","3"
"Nasrudin 15","ok","2025-12-10 17:07:02","5"
"samsul hadi","kenapa apknya tidak bisa di buka","2025-12-10 16:55:20","2"
"Dimas Rafi f","baik dan bagus","2025-12-10 16:15:38","5"
"Miftahudin 123","Alhamdulillah","2025-12-10 16:10:31","5"
"imam blackjack","baik","2025-12-10 16:06:03","5"
"Agus Alinurdin","mudah bisa cek saldo langsung","2025-12-10 15:52:57","5"
"Nigraha Arifin","good","2025-12-10 15:51:04","5"
"Melati Bungas","sangat membantu untuk cek saldo kita","2025-12-10 15:49:44","5"
"Pais M","mantap","2025-12-10 15:45:53","5"
"HoLIL HoLIL","sangat puas","2025-12-10 15:41:34","5"
"Ezra Paembonan","good boy","2025-12-10 15:36:19","5"
"Akmal Mada","sangat bagus","2025-12-10 15:28:49","5"
"Wahyudi dwicky","JMO saya ko nga bisa di bukaa yaaa","2025-12-10 15:17:43","1"
"Misbahus Sudur","Sangat bermanfaat, semoga terus memberi manfaat bagi masyarakat.","2025-12-10 15:15:28","5"
"Wiwik Cupuk","mudah digunakan dan sangat berarti tentunya","2025-12-10 15:11:33","5"
"Ance Rongkonusa","ğŸ‘","2025-12-10 15:01:46","5"
"Bram G","ga bisa klik login....","2025-12-10 14:41:01","3"
"Ambran Alimu","sangat membantu","2025-12-10 14:40:46","5"
"Rinto Hartono","sangat membantu pekerja jos","2025-12-10 14:38:08","5"
"Sunda Kelapa","Agar lebih Bermanfaat bagi peserta BPJS Ketenagakerjaan","2025-12-10 14:34:09","5"
"Mey.liana Nur","app tidak bisa dibuka setelah instal, sudah coba pakai hp/tablet tetap tidka bisa dibuka. sudah email tapi jawaban tidak membantu","2025-12-10 14:10:15","1"
"Ari Suport BMT","mantap","2025-12-10 14:02:28","5"
"Admin Jamsostek","sangat bagus","2025-12-10 14:02:01","5"
"Ardan Ardi","bagus","2025-12-10 13:55:07","5"
"suganda Ganda","sangat baik","2025-12-10 13:54:19","5"
"DHOHARI HARI","terimakasih banyak atas informasi tentang semua ini","2025-12-10 13:53:46","5"
"Zinnal tv","ok","2025-12-10 13:51:34","5"
"Ghina aurora","sangat membantu dan luar biasa","2025-12-10 13:38:48","5"
"Frans Liu","memuaskan","2025-12-10 13:37:46","5"
"Andie Anto","setelah di update, apk crash tidak bisa dibuka","2025-12-10 13:35:52","1"
"Yohanna Sembiring","bagus banget pula","2025-12-10 13:28:02","5"
"Napit Napit","baguss","2025-12-10 13:26:34","5"
"Dadang Saputra","mempermudah utk mengecek data dan program BPJS","2025-12-10 13:20:31","5"
"Fikri Ditya","sering trouble. aplikasi lemot","2025-12-10 13:20:30","2"
"yogie m","mantul selalu update","2025-12-10 13:17:02","5"
"Bernandus rumapea","ini kenapa apk gk bisa di buka slalu kluar sendiri padahal smua sudah di izinkan","2025-12-10 13:12:37","2"
"edirahman","aplikasi ini bagus dan sangat berguna","2025-12-10 13:12:01","5"
"Galih Yoga Wicaksono","kok nggak bisa diakses ya di hp saya selalu out ketika masuk","2025-12-10 13:09:39","4"
"mohamad sobirin","sangat membantu peserta BPJS, terus maju membangun negeri","2025-12-10 13:09:06","5"
"Eko Wahyudi","baik","2025-12-10 13:08:24","5"
"Iwan Budy","sangat membantu","2025-12-10 13:01:39","5"
"Yusep Leo","sangat bermanfaat","2025-12-10 13:01:35","5"
"Catur Rulinda.R 29 nyr","buat apa sih ni aplikasi kalo ga bisa dibuka Hem? udah banyak yang Ngadu kok belum dibener benerin mending Apus aja deh kalo nga digubris","2025-12-10 13:00:00","1"
"Indra Gunawan Sattya Budhi","TIDAK BISA DIBUKA","2025-12-10 12:56:55","1"
"Suryadi Mujait","Alhamdulillah lebih mudah mengakses informasi terupdate","2025-12-10 12:56:28","5"
"YUNAS MUSTOFA","good apk ğŸ”¥","2025-12-10 12:51:23","5"
"Robi Binnoer","bagus","2025-12-10 12:49:13","5"
"Ghaffi Khawaarizmi Elfatah","tidak bisa dibuka","2025-12-10 12:48:09","1"
"aris yuana","oke","2025-12-10 12:35:24","5"
"Gepeng","sangat membantu,ğŸ‘","2025-12-10 12:33:35","5"
"Iksan Iik","terima kasih BPJS telah memberikan pelayanan terbaik semoga terus a upgrade agar terus maju","2025-12-10 12:30:24","5"
"Norida Yani","berguna","2025-12-10 12:24:33","5"
"Kusnanda Nanda","mantap","2025-12-10 12:23:01","5"
"Amar Sinaga","ok","2025-12-10 12:15:51","5"
"Hasan Nudin","mantap jmo top banget","2025-12-10 12:12:20","5"
"Deswin Mb12","bagus sekali","2025-12-10 12:09:44","5"
"Rizki ika Amelia","sangat bagus","2025-12-10 12:08:55","5"
"Putri Meliyana","bagus","2025-12-10 12:05:38","4"
"Tuan Mahdiani","sangat bagus","2025-12-10 12:04:04","5"
"Amad Dani","mantull","2025-12-10 12:03:18","4"
"putra Bsb","bagus","2025-12-10 11:47:06","5"
"Nawa Syahputra","terima kasih telah membantu","2025-12-10 11:41:27","5"
"Dhiraselvi","baik","2025-12-10 11:38:17","5"
"Tri Joko Santoso","mantap","2025-12-10 11:28:48","5"
"Artaty SA","sangat baik","2025-12-10 11:22:10","5"
"Yabani Bani","menarik","2025-12-10 11:20:39","5"
"wanda gunawan","kereen mudah aktivasi nya","2025-12-10 11:19:46","5"
"wiguna dika","terbaik","2025-12-10 11:18:09","5"
"Hajriyati Mantulangi","terbaik","2025-12-10 11:17:23","5"
"Hotipah Sifa","bagus","2025-12-10 11:15:08","4"
"Timoteus Gunawan","Sangat puas","2025-12-10 11:07:19","5"
"Fery Anggriawan","Aplikasi nda jelas, di update malah gabisa login, aplikasi pemerintahan banyak bug nya, LOL","2025-12-10 11:06:26","1"
"Side On","apk sudah 3 bulan close sediri. gua kira setelah update bisa kebuka.pretttt","2025-12-10 11:01:25","1"
"Hari Yanto","terimakasih","2025-12-10 10:57:25","5"
"Afid Afid","aplikasi JMO sangat membantu, dan bagus d gunakan untuk cek saldo.","2025-12-10 10:56:38","5"
"Mark6s Elly","mantap sangat membantu","2025-12-10 10:54:30","5"
"Over Vendi","ok jmo","2025-12-10 10:53:55","5"
"Iceu Kustini","masyaAllah JMO tetap jaya","2025-12-10 10:52:13","5"
"REKSI FADIL","mantappp","2025-12-10 10:48:48","5"
"Sutrisno Sutrisno","aplikasi jmo tidak bisa di buka kenapa yaaa?","2025-12-10 10:40:08","1"
"Silvia Retno","mudah diakses","2025-12-10 10:39:01","5"
"agung purwoko","mantapp","2025-12-10 10:29:45","5"
"marnah nurlela","ğŸ‘ğŸ‘","2025-12-10 10:21:22","5"
"Veronica Ika","thanks JMO","2025-12-10 10:15:28","5"
"SUPARJO","Bermanfaat","2025-12-10 09:59:45","5"
"Kangmus Mus","Sangat bermanfaat","2025-12-10 09:56:08","5"
"Honi Eleston","sangat puas dengan apk nya","2025-12-10 09:50:44","5"
"EDY lascarpelangi","sangat bermanfaat","2025-12-10 09:46:29","5"
"Miia Barboza","ok","2025-12-10 09:41:23","5"
"Nur Asiah","JMO tidak bisa kebuka padahal sudah di upgrade","2025-12-10 09:37:46","5"
"Beryl Romadhon","aplikasi tak layak setiap buka selalu minta update","2025-12-10 09:30:54","1"
"Diana manarul Hidayat","mantap","2025-12-10 09:30:52","5"
"RUMANSYAH","sangat puas","2025-12-10 09:28:57","5"
"Siti Zulaikhah","Terima kasih JMO","2025-12-10 09:27:03","5"
"Henderi awan","sangat mudah digunakan","2025-12-10 09:18:27","5"
"sulaiman mukti","sangat mudah di gunakan aplikaainya","2025-12-10 09:17:45","5"
"Asih Arnasih","aplikasi yg mantap","2025-12-10 09:17:28","5"
"Jayus Arifin","terbaik utk informasi JHT. terimakasih","2025-12-10 09:11:26","5"
"y kusmiyanto","tidak bisa dibuka","2025-12-10 09:09:39","1"
"arziki pratama","sangat bermanfaat","2025-12-10 09:04:59","5"
"Mustofa Huzein","sangat bermanfaat dan membantu sekali","2025-12-10 09:02:01","5"
"Taufik Jawa","baikk","2025-12-10 08:59:49","5"
"alan gray","sangat membantu dan memberikan keamanan","2025-12-10 08:53:23","5"
"IYUNG AOET 14","crash","2025-12-10 08:47:49","1"
"Setia Negara","sangkat membantu sukses trs","2025-12-10 08:46:43","5"
"Pebri Pratama","terbaik","2025-12-10 08:46:32","5"
"Tijay taywij (tax)","oke","2025-12-10 08:44:00","5"
"try chorym bae","baik","2025-12-10 08:40:04","5"
"Syamsudduha Khalik","sangat membantu dalam hal kesehatan dan jaminan hari tua","2025-12-10 08:32:14","5"
"Victor Solang","baik","2025-12-10 08:29:47","5"
"Ramdan Rusdiyanto","sangat membantu","2025-12-10 08:23:59","4"
"Bari Ano","sangat bermanfaat","2025-12-10 08:14:43","2"
"Rafly Fadillah","baik","2025-12-10 08:12:55","5"
"selvi pangkey","jaminan Qt buat hari tua, sangat membantu skali","2025-12-10 08:11:52","5"
"Ade Jumantri","mudah, cepat dan ramah","2025-12-10 08:09:03","5"
"Muhammad Anis","bagus","2025-12-10 08:08:32","5"
"Medi Yarli","Alhamdulillah ğŸ¤²","2025-12-10 08:06:22","5"
"warno Warno","aplikasinya oke","2025-12-10 08:05:24","5"
"Abdul Rohman","kenapa tidak bisa login. selalu force close","2025-12-10 07:54:52","1"
"Anton Sijaro Simin","sangat mempermudah....","2025-12-10 07:54:24","5"
"Sopan Sopian","JMO, sangat membantu","2025-12-10 07:50:37","4"
"Welgin","mantappp sangat membantu pekerja","2025-12-10 07:41:14","5"
"Andito Tri Handoko","very good","2025-12-10 07:38:07","5"
"sam ikrisnanto","mudah dan praktis sangat membantu walaupun agak bingung menggunakannya.","2025-12-10 07:31:25","5"
"PPG Indonesia","alhamdulillah bisa konek","2025-12-10 07:27:18","5"
"bintang jek","mantap lah cuyy, mau ngecek jadi gampang.","2025-12-10 07:26:07","5"
"Yoga Pratama","mantap","2025-12-10 07:25:17","5"
"Inaya Samudra","Bagus sangat membantu","2025-12-10 07:17:45","5"
"Sudin Mahakam","bagus aplikasi nya saya suka","2025-12-10 07:16:46","5"
"Suloso 1980","mantap","2025-12-10 07:13:25","5"
"Muklis Aby","sangat membantu","2025-12-10 07:10:37","4"
"Kamu DanAku","good aplikasi","2025-12-10 07:01:16","5"
"Aldo Fadillah","mantap","2025-12-10 07:00:14","5"
"Kumbang Kelana","mantap","2025-12-10 06:56:43","5"
"Romando Musika","Terimakasih atas pelayanannya.","2025-12-10 06:56:10","5"
"Erwan Mulyana","bagus","2025-12-10 06:47:23","5"
"Indah Suyani","sangat bagus & lancar ğŸ™ğŸ»","2025-12-10 06:44:19","5"
"Suhendri Hendri","Lama kali pelayanan kalian Di jamsostek binjai. Cover sumbagut","2025-12-10 06:41:57","1"
"darmantea mantea","bagus pelayanan nya cepat","2025-12-10 06:31:35","5"
"Nike Artika","bagus","2025-12-10 06:21:38","5"
"Wildan Indadurohman","keren mantap sat set bgt","2025-12-10 06:20:10","5"
"Bilqis saffa Nur kamila","sangat membantu klaim JHT","2025-12-10 06:16:41","5"
"Ikhlas_in Foods&drinks","pelayanan prima","2025-12-10 06:11:36","5"
"nisa gacha cute","sangat cepat praktis dan memudahkan, terima kasih JMO","2025-12-10 06:11:27","5"
"Blopy Bro","apk sangat bagus","2025-12-10 06:05:18","5"
"Hafidz Hasan","mohon untuk di update kecepatannya","2025-12-10 06:04:20","4"
"Izar Tamami","mantap","2025-12-10 06:01:03","5"
"Muhammad Asbullah","bagus, cukup bermanfaat","2025-12-10 06:00:26","5"
"Ardi tukan","Pelayanan untuk area Tobelo maluku utara sangat baik, Petugas pelayanan dan security sangat baik dan berkompetenğŸ¥°","2025-12-10 05:55:26","5"
"Agus Mulya","ok","2025-12-10 05:48:12","5"
"Mama rio","Saya dulu sering menggunakan JMO, tapi sekarang setelah saya Download kembali, JMO sering crash saat dibuka, langsung keluar, ga tau kenapa","2025-12-10 05:47:11","1"
"Muhammad Faisal","sangat bermanfaat","2025-12-10 05:44:20","5"
"Danu Widodo","bagus","2025-12-10 05:43:23","5"
"dwi cahyanti","good","2025-12-10 05:40:23","5"
"Erni Salwina","sangat Membantu Sekali","2025-12-10 05:37:36","5"
"Del 6","saya senang","2025-12-10 05:25:57","5"
"Nikolas Saputra","wow","2025-12-10 05:25:55","5"
"Andi Petrus","menyalah Kaka","2025-12-10 05:23:33","5"
"Indri Cirebon","ini aku baru pertama kali pake aplikasi ini .. kata tmen aku ini itu suka gangguan jdi harus ke kantor .. takut bangt bermasalah soalnya kantor jarak nya jauh dri rumah . Eh alhamdulillah pas ngajuin langsung masuk rekening gx harus nunggu 3 hari . cuman 10 menit dri pengajuan ... Makasihh syudah mempermudah masyarakat yng jrak nya jauh dri perkotaan .","2025-12-10 05:18:14","5"
"Dody Ardi","bagus sekali aplikasinya","2025-12-10 05:17:22","5"
"Nanang Setiawan","sangat baik","2025-12-10 05:09:49","5"
"meidian africo","cepat","2025-12-10 05:07:10","5"
"JOJOK SUPRIYADI","update trus stiap mau buka","2025-12-10 05:04:13","3"
"Hakim BLitz","mantap","2025-12-10 05:04:08","5"
"Adit Adit","sangat membantu","2025-12-10 04:53:20","5"
"Danang Fajar Setiawan","cukup membantu","2025-12-10 04:53:13","4"
"Rizad Octaviano","ok","2025-12-10 04:51:50","5"
"Billy Susanto","sangat mempermudah tanpa harus tanya2 HRD hehe","2025-12-10 04:51:08","5"
"Ferry Efendi","bagus","2025-12-10 04:34:39","5"
"Nini Limz","aplikasi GK bisa sama sekali","2025-12-10 04:29:03","1"
"Acen Yosie","good","2025-12-10 04:19:12","5"
"Adit Machmud","bagus","2025-12-10 04:19:07","5"
"Gancok","mantap pokoknya pelayan ramah","2025-12-10 04:18:55","5"
"Zadri Zadri","Bagus","2025-12-10 04:18:26","3"
"Umbu Emzon","sangat bagus","2025-12-10 04:01:34","5"
"Ziauddin Fikri","Sangat puas","2025-12-10 04:01:14","5"
"odix stya","ok baik","2025-12-10 03:56:56","5"
"Hilmi ahmad Zakka","aplikasi membagongkan utk log in susah banget","2025-12-10 03:55:41","1"
"aditya permana","mantap","2025-12-10 03:39:48","5"
"Hamdan Dan","sangat mudah untuk kita lakukan","2025-12-10 03:35:01","5"
"Andi Anti1992","knp saya tdk bisa buka aplikasi jmo di hp sy","2025-12-10 03:34:20","5"
"makhrus ali","mantabz kaleee","2025-12-10 03:31:04","5"
"Fikri Adam","baik","2025-12-10 03:23:14","5"
"Firmansyah Maulana","sangat oke banget ğŸ‘","2025-12-10 03:20:29","5"
"Tomy Byes","apk bosokk, banyak bug","2025-12-10 03:18:19","1"
"Rezkiya Ardian","bagus","2025-12-10 03:17:51","5"
"Krisna suta","terbaikkk","2025-12-10 03:02:55","5"
"Haris Ahmad","puas","2025-12-10 03:02:28","5"
"Rudiana ebreg","nice","2025-12-10 03:01:54","5"
"Hanni Giel","Bagus","2025-12-10 03:00:15","4"
"Regass Ngampell","sangat bagus","2025-12-10 02:54:23","4"
"Paskalis Abi","good","2025-12-10 02:53:26","5"
"Ghiran Maulidin","terbaik","2025-12-10 02:45:01","5"
"Ke Cik","oke","2025-12-10 02:43:21","5"
"Robert Ardy","mantap","2025-12-10 02:39:32","5"
"Dan Pasodung","simpel dan mudah digunakan","2025-12-10 02:36:35","5"
"Nur Fatimah","ok mantap","2025-12-10 02:35:46","5"
"djoko santoso","Mantap","2025-12-10 02:26:43","5"
"Mohamad Rizki Pratama","aplikasi berfungsi dengan baik","2025-12-10 02:20:41","5"
"Atin Wae","sangat mudah diakses gak ribet thebest","2025-12-10 02:13:05","5"
"Rusli Aja","sangat tepat","2025-12-10 01:58:51","4"
"Silva Pebriani","mudah cairr","2025-12-10 01:57:51","5"
"Eman Sulaeman","mantul pisan","2025-12-10 01:56:39","5"
"Febrianto97 Febrianto97","bagus","2025-12-10 01:55:54","5"
"Erlang Bustomi","Ok","2025-12-10 01:46:48","5"
"Kapamenan Menan","trims bravo","2025-12-10 01:45:29","5"
"Putri Nasari","mantul","2025-12-10 01:43:37","5"
"Yusrizal Sansino","Ok sekali.","2025-12-10 01:33:06","5"
"ADMN SSC SBY","simple dan jelas untuk semua keperluannya jd sangat membantu skli","2025-12-10 01:23:41","5"
"Adhy Lede","terbaik","2025-12-10 01:16:26","5"
"Aulia Fuad Rifai","keren lah","2025-12-10 01:09:48","5"
"Ariee cahyo","mudah dan praktis","2025-12-10 01:08:37","5"
"Jelmina Melati","sangat bagusğŸ‘","2025-12-10 01:03:09","5"
"Hendrawan Sulistyanto","setelah update gabisa login. tolong segera perbaiki update: sudah bisa login","2025-12-10 01:01:41","4"
"adammlydn29","ok","2025-12-10 01:01:20","5"
"ACHMAD ABDUL MAJID","sangat membantu","2025-12-10 00:54:21","5"
"Marqiza","semoga jhtku cair","2025-12-10 00:40:56","5"
"Dhe Mia","terbaik","2025-12-10 00:23:29","4"
"Yusuf Mulyadi","sangat membantu","2025-12-10 00:22:29","5"
"Mas Munib","aplikasi nya kok tidak sinkron ya, banyak yang tidak tertera,, saya bayar lewat E-walet sudah masuk tapi gak ada di riwayat iuran jmo,, dan yang bikin bingung saya selalu bayar 3 program termasuk jht, tapi di aplikasi ini saya tertera belum terdaftar di jht.. ini gimana sih??? ,, tolong perbaiki aplikasi ini, Sebaik-baik nya...","2025-12-10 00:16:31","5"
"rauf saikadiro78","good trus tingkat kan pelayanan","2025-12-10 00:16:27","5"
"Sihotang Situmorang","aplikasi ini sangat membantu, dan karena bisa lihat saldo yg tiap bulan bertambah, jadi buat kita tambah semangat kerja, dan tetap bertahan di kerjaan sekarang, agar saldo tiap bulan tambah terus, ğŸ¤­ anggap aja nabung yg jadi deposito, bonus dapat jaminan kesehatan love love banget deh pokok nya ğŸ˜˜","2025-12-10 00:07:36","5"
"Al Badali","mantap","2025-12-10 00:04:26","5"
"rasikh fakhrizals","keren","2025-12-09 23:49:11","5"
"Made Derizreydiv","lumayan bagus informasi nya","2025-12-09 23:43:42","4"
"Moh Sholihin","bismillah semoga bermanfaat","2025-12-09 23:39:42","5"
"yulita suwarsih","Semoga bisa slalu Membantu kami ,","2025-12-09 23:35:31","5"
"Tasimin Min","sangat pembantu","2025-12-09 23:22:54","5"
"Dedi Darison","sangat membantu peserts","2025-12-09 22:58:14","5"
"Dina Andyka","mantap","2025-12-09 22:07:11","5"
"Nanang Wahyudin","Ok","2025-12-09 21:51:05","5"
"Sutini Sutini","tidak dapat mengakses jmo","2025-12-09 21:28:32","1"
"MUH ICHSAN","bagus","2025-12-09 21:13:33","3"
"Wibowo Purnamaaji","mantab","2025-12-09 20:50:35","4"
"Ade Irawan","bermanfaat dan mudah untuk di akses","2025-12-09 19:39:50","5"
"Amad Rockers","kebanyakan update malah gabisa di buka sekarang parah JMO","2025-12-09 18:33:33","1"
"Jen Satrio","layanan cepat dan mudah","2025-12-09 18:28:29","5"
"Dino Trisno","i like","2025-12-09 17:13:23","5"
"Aep Saefudin","sangat memudahkan dan pengecekan terutama cek saldo JHT","2025-12-09 16:51:37","5"
"labib Ibar","Top markotopğŸ‘","2025-12-09 16:46:16","5"
"006_ Sukiman","sangat memuaskan","2025-12-09 16:39:43","5"
"aLaNkR 93","gagal pinjam di dana siaga, saran dan solusi","2025-12-09 16:35:03","5"
"Masdi Benediktus","terbaik","2025-12-09 16:23:36","5"
"Arifin Ifin","sangat Bermanfaat","2025-12-09 16:04:49","5"
"014 ihsan","ok","2025-12-09 15:49:08","5"
"Dede Koswara Dede","sangat membantu sekali","2025-12-09 15:41:42","5"
"Ahmad M","mantap","2025-12-09 15:31:43","4"
"Arie PB","bisa cek JHT secara berkala dalam 1 bulan sekali","2025-12-09 15:24:43","5"
"Yadi 098","bgus","2025-12-09 15:14:06","5"
"Suterisno -","sangat bermanfaat aplikasi JMO.. lebih praktis","2025-12-09 14:48:31","5"
"Aldian","jos","2025-12-09 14:34:09","5"
"Adi","Bagus ...mudah dan cepat.Oertahankan dan terus tingkatkan","2025-12-09 14:34:04","5"
"yana soetrisna","laporan pengaduan gabisa","2025-12-09 14:23:07","1"
"Ronald Irawan","best","2025-12-09 14:19:37","5"
"Sugeng Prayitno","oke trimakaih jimo","2025-12-09 14:08:05","5"
"Jimi","bagus","2025-12-09 13:58:45","5"
"Najmudin Najmudin","sanggat bagus dan mudah di gunakan","2025-12-09 13:45:33","5"
"Nurevianti Evi","mantap","2025-12-09 13:37:38","5"
"Medi Casmedi","mantap","2025-12-09 13:25:34","5"
"Ramadan Ref","Susah daftarnya..udah di daftarin perusahaan tpi kok d suru byr lg.. Kan udh d byr perusahaan tiap bulan","2025-12-09 13:07:51","1"
"Solihun","nice can check saldo fastly, and monitor..... tku","2025-12-09 13:04:18","5"
"Hartanto Hartanto","sangat membantu sekali","2025-12-09 12:59:46","5"
"Imam Muslim","bagus","2025-12-09 12:52:05","5"
"Mazz Aryo","oke","2025-12-09 12:35:28","5"
"Teguh Rahayu","aplikasi ini sangat membatu masyarakat","2025-12-09 12:18:24","5"
"Sunardi Sunardi","sangat membantu","2025-12-09 12:17:16","5"
"encep dongkol","simpel","2025-12-09 12:14:51","5"
"Herman Gultom","Apk yang cukup membantu","2025-12-09 12:14:23","5"
"Levani Vani","mantap","2025-12-09 12:03:30","5"
"Zainal Abdul sholeh","senang","2025-12-09 12:00:39","5"
"Icuk Julianto","mantapp sangat membantu","2025-12-09 11:57:25","5"
"Ali Wahyuni eli","proses mudah","2025-12-09 11:55:50","5"
"verina lutfiyah","bagus","2025-12-09 11:55:16","5"
"edi hartono","bagus","2025-12-09 11:53:37","5"
"Feri priyanto","cukup baik","2025-12-09 11:41:10","5"
"Andi Aswan","mantap","2025-12-09 11:38:25","5"
"Rama Yanti","ğŸ‘â¤ï¸","2025-12-09 11:36:29","5"
"Hendra Pratomo","sangat mmbantu cek saldo berkala","2025-12-09 11:33:42","5"
"Akil Akil","sangat bermanfaat","2025-12-09 11:32:29","5"
"Joniez F1","ok","2025-12-09 11:30:33","5"
"Wina Widaningsih","baguss sangat membantu","2025-12-09 11:30:10","5"
"naufal afkar03","bagus kali","2025-12-09 11:26:57","5"
"Ryan Saputra","ga bisa login","2025-12-09 11:22:04","1"
"arif yulyadi","bagus","2025-12-09 11:14:04","5"
"Ky Ageng420","sangat baik","2025-12-09 11:10:56","5"
"SAEPUL YUSUP","klaim jht lama, cuman koreksi nama ibu kandung aja udah 1 bulan blm beres2.. tolong lah sistem nya diperbaiki #areacianjursawahgede","2025-12-09 11:07:16","1"
"dedy aryanto","mantap login dan daftar mudah","2025-12-09 11:06:52","5"
"Jun didit","kenapa total saldo dan rincian saldo berbeda","2025-12-09 11:04:09","5"
"Aji Farian","Mudah dan Praktis","2025-12-09 10:57:04","5"
"Agus Nurniawan","bagis","2025-12-09 10:52:24","5"
"Mikael â€œKaelâ€ Saja","sangat membantu","2025-12-09 10:44:28","5"
"Ngabdurrochman Sidik","sangat membantu","2025-12-09 10:41:26","5"
"Mauren Rizky","Lebih ke kecewa sama BPJS nya Krn JHT saya kepesertaan lama tiba2 cair dan cairnya ga di rek saya SBG pemilik akun","2025-12-09 10:37:08","3"
"A19_Yigalgefin kadang1005","aplikasi ga guna, gabisa pengkinian data, perbaiki dulu aplikasimu ga usah sok sok nampung data orang, minimal perbaiki pelayanan aplikasimu, katanya memudahkan, malahan menyulitkan.. shame on you!","2025-12-09 10:31:57","1"
"Rizky Nain","kenapa di HP saya tidak bisa dibuka/ terpental keluar aplikasi.","2025-12-09 10:29:51","3"
"Muhammad Revandy","mantap","2025-12-09 10:24:12","5"
"Risman Hidayat Suherman","mantaap","2025-12-09 10:19:15","5"
"Muhamad Muhajirin","pelayanan baik","2025-12-09 10:18:02","5"
"Oganteng Oganteng","good","2025-12-09 10:08:52","5"
"abah jero","parah jmo masa udh d update ga bisa d buka","2025-12-09 10:06:34","1"
"Gugah Purbo Prasetio","top","2025-12-09 10:05:54","5"
"Rizqi Arsyil Majid","mudah dan tidak ribet","2025-12-09 10:04:29","5"
"Fikri lukmanul Khakim SL.05","good","2025-12-09 09:59:12","4"
"Ari Kurniawan","bpjs ketenagakerjaan memang yg terbaik","2025-12-09 09:46:05","5"
"Suryanto Kentho","diupdate malah gak bisa dibuka","2025-12-09 09:41:59","1"
"Wahyu Ramadan","terbaik","2025-12-09 09:39:57","5"
"Purnomo","maaf kalau kita ambil 10 persen apa ada potongan pajak saat pengambilan jhy. berapa persen terimakasih.","2025-12-09 09:37:06","5"
"Uus Suherman","JMO aplikasi keren, pelayanan yang memuaskan.ğŸ‘","2025-12-09 09:36:46","5"
"Fadli","bagus","2025-12-09 09:34:14","5"
"Yumna Humairaputri","hebat","2025-12-09 09:30:57","4"
